<?xml version="1.0" encoding="UTF-8"?>
<project-private xmlns="http://www.netbeans.org/ns/project-private/1">
    <editor-bookmarks xmlns="http://www.netbeans.org/ns/editor-bookmarks/2" lastBookmarkId="0"/>
    <open-files xmlns="http://www.netbeans.org/ns/projectui-open-files/2">
        <group>
            <file>file:/C:/Users/Haris/Desktop/Desktop/Rye%20Summer%202nd/coe528/CourseProjectFinal/CourseProject/CourseProject/src/coe528/User.java</file>
            <file>file:/C:/Users/Haris/Desktop/Desktop/Rye%20Summer%202nd/coe528/CourseProjectFinal/CourseProject/CourseProject/src/coe528/Manager.java</file>
            <file>file:/C:/Users/Haris/Desktop/Desktop/Rye%20Summer%202nd/coe528/CourseProjectFinal/CourseProject/CourseProject/src/coe528/GUI.java</file>
            <file>file:/C:/Users/Haris/Desktop/Desktop/Rye%20Summer%202nd/coe528/CourseProjectFinal/CourseProject/CourseProject/src/coe528/Floor.java</file>
            <file>file:/C:/Users/Haris/Desktop/Desktop/Rye%20Summer%202nd/coe528/CourseProjectFinal/CourseProject/CourseProject/src/coe528/Customer.java</file>
            <file>file:/C:/Users/Haris/Desktop/Desktop/Rye%20Summer%202nd/coe528/CourseProjectFinal/CourseProject/CourseProject/src/coe528/ParkingSpots.java</file>
            <file>file:/C:/Users/Haris/Desktop/Desktop/Rye%20Summer%202nd/coe528/CourseProjectFinal/CourseProject/CourseProject/src/coe528/Ticket.java</file>
        </group>
    </open-files>
</project-private>
